,away_team,date,home_team,score,time,url,matchId
0,Inter,Aug 13 2022,Lecce,1 : 2,19:45,/Matches/1651431/Live/Italy-Serie-A-2022-2023-Lecce-Inter,1651431
1,Torino,Aug 13 2022,Monza,1 : 2,19:45,/Matches/1651426/Live/Italy-Serie-A-2022-2023-Monza-Torino,1651426
2,Udinese,Aug 13 2022,AC Milan,4 : 2,17:30,/Matches/1651425/Live/Italy-Serie-A-2022-2023-AC-Milan-Udinese,1651425
3,Atalanta,Aug 13 2022,Sampdoria,0 : 2,17:30,/Matches/1651427/Live/Italy-Serie-A-2022-2023-Sampdoria-Atalanta,1651427
4,Empoli,Aug 14 2022,Spezia,1 : 0,19:45,/Matches/1651430/Live/Italy-Serie-A-2022-2023-Spezia-Empoli,1651430
5,Cremonese,Aug 14 2022,Fiorentina,3 : 2,17:30,/Matches/1651429/Live/Italy-Serie-A-2022-2023-Fiorentina-Cremonese,1651429
6,Bologna,Aug 14 2022,Lazio,2 : 1,17:30,/Matches/1651428/Live/Italy-Serie-A-2022-2023-Lazio-Bologna,1651428
7,Roma,Aug 14 2022,Salernitana,0 : 1,19:45,/Matches/1651432/Live/Italy-Serie-A-2022-2023-Salernitana-Roma,1651432
8,Sassuolo,Aug 15 2022,Juventus,3 : 0,19:45,/Matches/1651424/Live/Italy-Serie-A-2022-2023-Juventus-Sassuolo,1651424
9,Napoli,Aug 15 2022,Verona,2 : 5,17:30,/Matches/1651423/Live/Italy-Serie-A-2022-2023-Verona-Napoli,1651423
10,Lazio,Aug 20 2022,Torino,0 : 0,17:30,/Matches/1651459/Live/Italy-Serie-A-2022-2023-Torino-Lazio,1651459
11,Salernitana,Aug 20 2022,Udinese,0 : 0,17:30,/Matches/1651461/Live/Italy-Serie-A-2022-2023-Udinese-Salernitana,1651461
12,Lecce,Aug 20 2022,Sassuolo,1 : 0,19:45,/Matches/1651457/Live/Italy-Serie-A-2022-2023-Sassuolo-Lecce,1651457
13,Spezia,Aug 20 2022,Inter,3 : 0,19:45,/Matches/1651449/Live/Italy-Serie-A-2022-2023-Inter-Spezia,1651449
14,AC Milan,Aug 21 2022,Atalanta,1 : 1,19:45,/Matches/1651443/Live/Italy-Serie-A-2022-2023-Atalanta-AC-Milan,1651443
15,Fiorentina,Aug 21 2022,Empoli,0 : 0,17:30,/Matches/1651447/Live/Italy-Serie-A-2022-2023-Empoli-Fiorentina,1651447
16,Monza,Aug 21 2022,Napoli,4 : 0,17:30,/Matches/1651451/Live/Italy-Serie-A-2022-2023-Napoli-Monza,1651451
17,Verona,Aug 21 2022,Bologna,1 : 1,19:45,/Matches/1651445/Live/Italy-Serie-A-2022-2023-Bologna-Verona,1651445
18,Cremonese,Aug 22 2022,Roma,1 : 0,17:30,/Matches/1651453/Live/Italy-Serie-A-2022-2023-Roma-Cremonese,1651453
19,Juventus,Aug 22 2022,Sampdoria,0 : 0,19:45,/Matches/1651455/Live/Italy-Serie-A-2022-2023-Sampdoria-Juventus,1651455
20,Udinese,Aug 26 2022,Monza,1 : 2,17:30,/Matches/1651452/Live/Italy-Serie-A-2022-2023-Monza-Udinese,1651452
21,Inter,Aug 26 2022,Lazio,3 : 1,19:45,/Matches/1651446/Live/Italy-Serie-A-2022-2023-Lazio-Inter,1651446
22,Sassuolo,Aug 27 2022,Spezia,2 : 2,19:45,/Matches/1651456/Live/Italy-Serie-A-2022-2023-Spezia-Sassuolo,1651456
23,Roma,Aug 27 2022,Juventus,1 : 1,17:30,/Matches/1651444/Live/Italy-Serie-A-2022-2023-Juventus-Roma,1651444
24,Torino,Aug 27 2022,Cremonese,1 : 2,17:30,/Matches/1651463/Live/Italy-Serie-A-2022-2023-Cremonese-Torino,1651463
25,Bologna,Aug 27 2022,AC Milan,2 : 0,19:45,/Matches/1651450/Live/Italy-Serie-A-2022-2023-AC-Milan-Bologna,1651450
26,Empoli,Aug 28 2022,Lecce,1 : 1,19:45,/Matches/1651448/Live/Italy-Serie-A-2022-2023-Lecce-Empoli,1651448
27,Atalanta,Aug 28 2022,Verona,0 : 1,17:30,/Matches/1651442/Live/Italy-Serie-A-2022-2023-Verona-Atalanta,1651442
28,Napoli,Aug 28 2022,Fiorentina,0 : 0,19:45,/Matches/1651466/Live/Italy-Serie-A-2022-2023-Fiorentina-Napoli,1651466
29,Sampdoria,Aug 28 2022,Salernitana,4 : 0,17:30,/Matches/1651454/Live/Italy-Serie-A-2022-2023-Salernitana-Sampdoria,1651454
30,Monza,Aug 30 2022,Roma,3 : 0,19:45,/Matches/1651468/Live/Italy-Serie-A-2022-2023-Roma-Monza,1651468
31,AC Milan,Aug 30 2022,Sassuolo,0 : 0,17:30,/Matches/1651470/Live/Italy-Serie-A-2022-2023-Sassuolo-AC-Milan,1651470
32,Cremonese,Aug 30 2022,Inter,3 : 1,19:45,/Matches/1651464/Live/Italy-Serie-A-2022-2023-Inter-Cremonese,1651464
33,Spezia,Aug 31 2022,Juventus,2 : 0,19:45,/Matches/1651465/Live/Italy-Serie-A-2022-2023-Juventus-Spezia,1651465
34,Verona,Aug 31 2022,Empoli,1 : 1,17:30,/Matches/1651462/Live/Italy-Serie-A-2022-2023-Empoli-Verona,1651462
35,Lecce,Aug 31 2022,Napoli,1 : 1,19:45,/Matches/1651467/Live/Italy-Serie-A-2022-2023-Napoli-Lecce,1651467
36,Lazio,Aug 31 2022,Sampdoria,1 : 1,17:30,/Matches/1651469/Live/Italy-Serie-A-2022-2023-Sampdoria-Lazio,1651469
37,Fiorentina,Aug 31 2022,Udinese,1 : 0,17:30,/Matches/1651471/Live/Italy-Serie-A-2022-2023-Udinese-Fiorentina,1651471
38,Torino,Sep 1 2022,Atalanta,3 : 1,19:45,/Matches/1651458/Live/Italy-Serie-A-2022-2023-Atalanta-Torino,1651458
39,Salernitana,Sep 1 2022,Bologna,1 : 1,19:45,/Matches/1651460/Live/Italy-Serie-A-2022-2023-Bologna-Salernitana,1651460
40,Juventus,Sep 3 2022,Fiorentina,1 : 1,14:00,/Matches/1651473/Live/Italy-Serie-A-2022-2023-Fiorentina-Juventus,1651473
41,Napoli,Sep 3 2022,Lazio,1 : 2,19:45,/Matches/1651475/Live/Italy-Serie-A-2022-2023-Lazio-Napoli,1651475
42,Inter,Sep 3 2022,AC Milan,3 : 2,17:00,/Matches/1651476/Live/Italy-Serie-A-2022-2023-AC-Milan-Inter,1651476
43,Sampdoria,Sep 4 2022,Verona,2 : 1,17:00,/Matches/1651474/Live/Italy-Serie-A-2022-2023-Verona-Sampdoria,1651474
44,Roma,Sep 4 2022,Udinese,4 : 0,19:45,/Matches/1651481/Live/Italy-Serie-A-2022-2023-Udinese-Roma,1651481
45,Bologna,Sep 4 2022,Spezia,2 : 2,14:00,/Matches/1651479/Live/Italy-Serie-A-2022-2023-Spezia-Bologna,1651479
46,Sassuolo,Sep 4 2022,Cremonese,0 : 0,11:30,/Matches/1651472/Live/Italy-Serie-A-2022-2023-Cremonese-Sassuolo,1651472
47,Lecce,Sep 5 2022,Torino,1 : 0,19:45,/Matches/1651480/Live/Italy-Serie-A-2022-2023-Torino-Lecce,1651480
48,Empoli,Sep 5 2022,Salernitana,2 : 2,17:30,/Matches/1651478/Live/Italy-Serie-A-2022-2023-Salernitana-Empoli,1651478
49,Atalanta,Sep 5 2022,Monza,0 : 2,17:30,/Matches/1651477/Live/Italy-Serie-A-2022-2023-Monza-Atalanta,1651477
50,AC Milan,Sep 10 2022,Sampdoria,1 : 2,19:45,/Matches/1651790/Live/Italy-Serie-A-2022-2023-Sampdoria-AC-Milan,1651790
51,Torino,Sep 10 2022,Inter,1 : 0,17:00,/Matches/1651785/Live/Italy-Serie-A-2022-2023-Inter-Torino,1651785
52,Spezia,Sep 10 2022,Napoli,1 : 0,14:00,/Matches/1651789/Live/Italy-Serie-A-2022-2023-Napoli-Spezia,1651789
53,Udinese,Sep 11 2022,Sassuolo,1 : 3,14:00,/Matches/1651791/Live/Italy-Serie-A-2022-2023-Sassuolo-Udinese,1651791
54,Verona,Sep 11 2022,Lazio,2 : 0,17:00,/Matches/1651787/Live/Italy-Serie-A-2022-2023-Lazio-Verona,1651787
55,Salernitana,Sep 11 2022,Juventus,2 : 2,19:45,/Matches/1651786/Live/Italy-Serie-A-2022-2023-Juventus-Salernitana,1651786
56,Monza,Sep 11 2022,Lecce,1 : 1,14:00,/Matches/1651788/Live/Italy-Serie-A-2022-2023-Lecce-Monza,1651788
57,Fiorentina,Sep 11 2022,Bologna,2 : 1,14:00,/Matches/1651783/Live/Italy-Serie-A-2022-2023-Bologna-Fiorentina,1651783
58,Cremonese,Sep 11 2022,Atalanta,1 : 1,11:30,/Matches/1651782/Live/Italy-Serie-A-2022-2023-Atalanta-Cremonese,1651782
59,Roma,Sep 12 2022,Empoli,1 : 2,19:45,/Matches/1651784/Live/Italy-Serie-A-2022-2023-Empoli-Roma,1651784
60,Lecce,Sep 16 2022,Salernitana,1 : 2,19:45,/Matches/1651798/Live/Italy-Serie-A-2022-2023-Salernitana-Lecce,1651798
61,Sassuolo,Sep 17 2022,Torino,0 : 1,19:45,/Matches/1651800/Live/Italy-Serie-A-2022-2023-Torino-Sassuolo,1651800
62,Empoli,Sep 17 2022,Bologna,0 : 1,14:00,/Matches/1651792/Live/Italy-Serie-A-2022-2023-Bologna-Empoli,1651792
63,Sampdoria,Sep 17 2022,Spezia,2 : 1,17:00,/Matches/1651799/Live/Italy-Serie-A-2022-2023-Spezia-Sampdoria,1651799
64,Lazio,Sep 18 2022,Cremonese,0 : 4,14:00,/Matches/1651793/Live/Italy-Serie-A-2022-2023-Cremonese-Lazio,1651793
65,Napoli,Sep 18 2022,AC Milan,1 : 2,19:45,/Matches/1651795/Live/Italy-Serie-A-2022-2023-AC-Milan-Napoli,1651795
66,Inter,Sep 18 2022,Udinese,3 : 1,11:30,/Matches/1651801/Live/Italy-Serie-A-2022-2023-Udinese-Inter,1651801
67,Atalanta,Sep 18 2022,Roma,0 : 1,17:00,/Matches/1651797/Live/Italy-Serie-A-2022-2023-Roma-Atalanta,1651797
68,Verona,Sep 18 2022,Fiorentina,2 : 0,14:00,/Matches/1651794/Live/Italy-Serie-A-2022-2023-Fiorentina-Verona,1651794
69,Juventus,Sep 18 2022,Monza,1 : 0,14:00,/Matches/1651796/Live/Italy-Serie-A-2022-2023-Monza-Juventus,1651796
70,AC Milan,Oct 1 2022,Empoli,1 : 3,19:45,/Matches/1651513/Live/Italy-Serie-A-2022-2023-Empoli-AC-Milan,1651513
71,Torino,Oct 1 2022,Napoli,3 : 1,14:00,/Matches/1651519/Live/Italy-Serie-A-2022-2023-Napoli-Torino,1651519
72,Roma,Oct 1 2022,Inter,1 : 2,17:00,/Matches/1651515/Live/Italy-Serie-A-2022-2023-Inter-Roma,1651515
73,Cremonese,Oct 2 2022,Lecce,1 : 1,14:00,/Matches/1651518/Live/Italy-Serie-A-2022-2023-Lecce-Cremonese,1651518
74,Fiorentina,Oct 2 2022,Atalanta,1 : 0,17:00,/Matches/1651512/Live/Italy-Serie-A-2022-2023-Atalanta-Fiorentina,1651512
75,Bologna,Oct 2 2022,Juventus,3 : 0,19:45,/Matches/1651516/Live/Italy-Serie-A-2022-2023-Juventus-Bologna,1651516
76,Monza,Oct 2 2022,Sampdoria,0 : 3,14:00,/Matches/1651520/Live/Italy-Serie-A-2022-2023-Sampdoria-Monza,1651520
77,Spezia,Oct 2 2022,Lazio,4 : 0,11:30,/Matches/1651517/Live/Italy-Serie-A-2022-2023-Lazio-Spezia,1651517
78,Salernitana,Oct 2 2022,Sassuolo,5 : 0,14:00,/Matches/1651521/Live/Italy-Serie-A-2022-2023-Sassuolo-Salernitana,1651521
79,Udinese,Oct 3 2022,Verona,1 : 2,19:45,/Matches/1651514/Live/Italy-Serie-A-2022-2023-Verona-Udinese,1651514
80,Inter,Oct 8 2022,Sassuolo,1 : 2,14:00,/Matches/1651529/Live/Italy-Serie-A-2022-2023-Sassuolo-Inter,1651529
81,Juventus,Oct 8 2022,AC Milan,2 : 0,17:00,/Matches/1651525/Live/Italy-Serie-A-2022-2023-AC-Milan-Juventus,1651525
82,Sampdoria,Oct 8 2022,Bologna,1 : 1,19:45,/Matches/1651522/Live/Italy-Serie-A-2022-2023-Bologna-Sampdoria,1651522
83,Empoli,Oct 9 2022,Torino,1 : 1,11:30,/Matches/1651530/Live/Italy-Serie-A-2022-2023-Torino-Empoli,1651530
84,Lecce,Oct 9 2022,Roma,2 : 1,19:45,/Matches/1651527/Live/Italy-Serie-A-2022-2023-Roma-Lecce,1651527
85,Verona,Oct 9 2022,Salernitana,2 : 1,14:00,/Matches/1651528/Live/Italy-Serie-A-2022-2023-Salernitana-Verona,1651528
86,Spezia,Oct 9 2022,Monza,2 : 0,14:00,/Matches/1651526/Live/Italy-Serie-A-2022-2023-Monza-Spezia,1651526
87,Atalanta,Oct 9 2022,Udinese,2 : 2,14:00,/Matches/1651531/Live/Italy-Serie-A-2022-2023-Udinese-Atalanta,1651531
88,Napoli,Oct 9 2022,Cremonese,1 : 4,17:00,/Matches/1651523/Live/Italy-Serie-A-2022-2023-Cremonese-Napoli,1651523
89,Lazio,Oct 10 2022,Fiorentina,0 : 4,19:45,/Matches/1651524/Live/Italy-Serie-A-2022-2023-Fiorentina-Lazio,1651524
90,Sassuolo,Oct 15 2022,Atalanta,2 : 1,19:45,/Matches/1651532/Live/Italy-Serie-A-2022-2023-Atalanta-Sassuolo,1651532
91,Juventus,Oct 15 2022,Torino,0 : 1,17:00,/Matches/1651541/Live/Italy-Serie-A-2022-2023-Torino-Juventus,1651541
92,Monza,Oct 15 2022,Empoli,1 : 0,14:00,/Matches/1651533/Live/Italy-Serie-A-2022-2023-Empoli-Monza,1651533
93,Cremonese,Oct 16 2022,Spezia,2 : 2,14:00,/Matches/1651540/Live/Italy-Serie-A-2022-2023-Spezia-Cremonese,1651540
94,Salernitana,Oct 16 2022,Inter,2 : 0,11:30,/Matches/1651535/Live/Italy-Serie-A-2022-2023-Inter-Salernitana,1651535
95,AC Milan,Oct 16 2022,Verona,1 : 2,19:45,/Matches/1651534/Live/Italy-Serie-A-2022-2023-Verona-AC-Milan,1651534
96,Udinese,Oct 16 2022,Lazio,0 : 0,14:00,/Matches/1651536/Live/Italy-Serie-A-2022-2023-Lazio-Udinese,1651536
97,Bologna,Oct 16 2022,Napoli,3 : 2,17:00,/Matches/1651538/Live/Italy-Serie-A-2022-2023-Napoli-Bologna,1651538
98,Roma,Oct 17 2022,Sampdoria,0 : 1,17:30,/Matches/1651539/Live/Italy-Serie-A-2022-2023-Sampdoria-Roma,1651539
99,Fiorentina,Oct 17 2022,Lecce,1 : 1,19:45,/Matches/1651537/Live/Italy-Serie-A-2022-2023-Lecce-Fiorentina,1651537
100,Empoli,Oct 21 2022,Juventus,4 : 0,19:45,/Matches/1651486/Live/Italy-Serie-A-2022-2023-Juventus-Empoli,1651486
101,Inter,Oct 22 2022,Fiorentina,3 : 4,19:45,/Matches/1651485/Live/Italy-Serie-A-2022-2023-Fiorentina-Inter,1651485
102,Monza,Oct 22 2022,AC Milan,4 : 1,17:00,/Matches/1651487/Live/Italy-Serie-A-2022-2023-AC-Milan-Monza,1651487
103,Spezia,Oct 22 2022,Salernitana,1 : 0,14:00,/Matches/1651489/Live/Italy-Serie-A-2022-2023-Salernitana-Spezia,1651489
104,Napoli,Oct 23 2022,Roma,0 : 1,19:45,/Matches/1651488/Live/Italy-Serie-A-2022-2023-Roma-Napoli,1651488
105,Lecce,Oct 23 2022,Bologna,2 : 0,14:00,/Matches/1651483/Live/Italy-Serie-A-2022-2023-Bologna-Lecce,1651483
106,Lazio,Oct 23 2022,Atalanta,0 : 2,17:00,/Matches/1651482/Live/Italy-Serie-A-2022-2023-Atalanta-Lazio,1651482
107,Torino,Oct 23 2022,Udinese,1 : 2,11:30,/Matches/1651491/Live/Italy-Serie-A-2022-2023-Udinese-Torino,1651491
108,Verona,Oct 24 2022,Sassuolo,2 : 1,19:45,/Matches/1651490/Live/Italy-Serie-A-2022-2023-Sassuolo-Verona,1651490
109,Sampdoria,Oct 24 2022,Cremonese,0 : 1,17:30,/Matches/1651484/Live/Italy-Serie-A-2022-2023-Cremonese-Sampdoria,1651484
110,Juventus,Oct 29 2022,Lecce,0 : 1,17:00,/Matches/1651497/Live/Italy-Serie-A-2022-2023-Lecce-Juventus,1651497
111,Sampdoria,Oct 29 2022,Inter,3 : 0,19:45,/Matches/1651495/Live/Italy-Serie-A-2022-2023-Inter-Sampdoria,1651495
112,Sassuolo,Oct 29 2022,Napoli,4 : 0,14:00,/Matches/1651499/Live/Italy-Serie-A-2022-2023-Napoli-Sassuolo,1651499
113,Atalanta,Oct 30 2022,Empoli,0 : 2,11:30,/Matches/1651493/Live/Italy-Serie-A-2022-2023-Empoli-Atalanta,1651493
114,AC Milan,Oct 30 2022,Torino,2 : 1,19:45,/Matches/1651501/Live/Italy-Serie-A-2022-2023-Torino-AC-Milan,1651501
115,Udinese,Oct 30 2022,Cremonese,0 : 0,14:00,/Matches/1651492/Live/Italy-Serie-A-2022-2023-Cremonese-Udinese,1651492
116,Salernitana,Oct 30 2022,Lazio,1 : 3,17:00,/Matches/1651496/Live/Italy-Serie-A-2022-2023-Lazio-Salernitana,1651496
117,Fiorentina,Oct 30 2022,Spezia,1 : 2,14:00,/Matches/1651500/Live/Italy-Serie-A-2022-2023-Spezia-Fiorentina,1651500
118,Roma,Oct 31 2022,Verona,1 : 3,17:30,/Matches/1651494/Live/Italy-Serie-A-2022-2023-Verona-Roma,1651494
119,Bologna,Oct 31 2022,Monza,1 : 2,19:45,/Matches/1651498/Live/Italy-Serie-A-2022-2023-Monza-Bologna,1651498
120,Lecce,Nov 4 2022,Udinese,1 : 1,19:45,/Matches/1651511/Live/Italy-Serie-A-2022-2023-Udinese-Lecce,1651511
121,Spezia,Nov 5 2022,AC Milan,2 : 1,19:45,/Matches/1651506/Live/Italy-Serie-A-2022-2023-AC-Milan-Spezia,1651506
122,Napoli,Nov 5 2022,Atalanta,1 : 2,17:00,/Matches/1651502/Live/Italy-Serie-A-2022-2023-Atalanta-Napoli,1651502
123,Cremonese,Nov 5 2022,Salernitana,2 : 2,14:00,/Matches/1651509/Live/Italy-Serie-A-2022-2023-Salernitana-Cremonese,1651509
124,Sassuolo,Nov 5 2022,Empoli,1 : 0,14:00,/Matches/1651504/Live/Italy-Serie-A-2022-2023-Empoli-Sassuolo,1651504
125,Lazio,Nov 6 2022,Roma,0 : 1,17:00,/Matches/1651508/Live/Italy-Serie-A-2022-2023-Roma-Lazio,1651508
126,Fiorentina,Nov 6 2022,Sampdoria,0 : 2,14:00,/Matches/1651510/Live/Italy-Serie-A-2022-2023-Sampdoria-Fiorentina,1651510
127,Torino,Nov 6 2022,Bologna,2 : 1,11:30,/Matches/1651503/Live/Italy-Serie-A-2022-2023-Bologna-Torino,1651503
128,Inter,Nov 6 2022,Juventus,2 : 0,19:45,/Matches/1651505/Live/Italy-Serie-A-2022-2023-Juventus-Inter,1651505
129,Verona,Nov 6 2022,Monza,2 : 0,14:00,/Matches/1651507/Live/Italy-Serie-A-2022-2023-Monza-Verona,1651507
130,AC Milan,Nov 8 2022,Cremonese,0 : 0,19:45,/Matches/1651542/Live/Italy-Serie-A-2022-2023-Cremonese-AC-Milan,1651542
131,Udinese,Nov 8 2022,Spezia,1 : 1,17:30,/Matches/1651550/Live/Italy-Serie-A-2022-2023-Spezia-Udinese,1651550
132,Empoli,Nov 8 2022,Napoli,2 : 0,17:30,/Matches/1651548/Live/Italy-Serie-A-2022-2023-Napoli-Empoli,1651548
133,Atalanta,Nov 9 2022,Lecce,2 : 1,17:30,/Matches/1651547/Live/Italy-Serie-A-2022-2023-Lecce-Atalanta,1651547
134,Sampdoria,Nov 9 2022,Torino,2 : 0,19:45,/Matches/1651551/Live/Italy-Serie-A-2022-2023-Torino-Sampdoria,1651551
135,Salernitana,Nov 9 2022,Fiorentina,2 : 1,19:45,/Matches/1651543/Live/Italy-Serie-A-2022-2023-Fiorentina-Salernitana,1651543
136,Roma,Nov 9 2022,Sassuolo,1 : 1,17:30,/Matches/1651549/Live/Italy-Serie-A-2022-2023-Sassuolo-Roma,1651549
137,Bologna,Nov 9 2022,Inter,6 : 1,19:45,/Matches/1651545/Live/Italy-Serie-A-2022-2023-Inter-Bologna,1651545
138,Juventus,Nov 10 2022,Verona,0 : 1,17:30,/Matches/1651544/Live/Italy-Serie-A-2022-2023-Verona-Juventus,1651544
139,Monza,Nov 10 2022,Lazio,1 : 0,19:45,/Matches/1651546/Live/Italy-Serie-A-2022-2023-Lazio-Monza,1651546
140,Cremonese,Nov 11 2022,Empoli,2 : 0,19:45,/Matches/1651554/Live/Italy-Serie-A-2022-2023-Empoli-Cremonese,1651554
141,Lecce,Nov 12 2022,Sampdoria,0 : 2,17:00,/Matches/1651561/Live/Italy-Serie-A-2022-2023-Sampdoria-Lecce,1651561
142,Sassuolo,Nov 12 2022,Bologna,3 : 0,19:45,/Matches/1651553/Live/Italy-Serie-A-2022-2023-Bologna-Sassuolo,1651553
143,Udinese,Nov 12 2022,Napoli,3 : 2,14:00,/Matches/1651559/Live/Italy-Serie-A-2022-2023-Napoli-Udinese,1651559
144,Torino,Nov 13 2022,Roma,1 : 1,14:00,/Matches/1651560/Live/Italy-Serie-A-2022-2023-Roma-Torino,1651560
145,Salernitana,Nov 13 2022,Monza,3 : 0,14:00,/Matches/1651558/Live/Italy-Serie-A-2022-2023-Monza-Salernitana,1651558
146,Fiorentina,Nov 13 2022,AC Milan,2 : 1,17:00,/Matches/1651557/Live/Italy-Serie-A-2022-2023-AC-Milan-Fiorentina,1651557
147,Lazio,Nov 13 2022,Juventus,3 : 0,19:45,/Matches/1651556/Live/Italy-Serie-A-2022-2023-Juventus-Lazio,1651556
148,Inter,Nov 13 2022,Atalanta,2 : 3,11:30,/Matches/1651552/Live/Italy-Serie-A-2022-2023-Atalanta-Inter,1651552
149,Spezia,Nov 13 2022,Verona,1 : 2,14:00,/Matches/1651555/Live/Italy-Serie-A-2022-2023-Verona-Spezia,1651555
150,Empoli,Jan 4 2023,Udinese,1 : 1,19:45,/Matches/1651761/Live/Italy-Serie-A-2022-2023-Udinese-Empoli,1651761
151,AC Milan,Jan 4 2023,Salernitana,1 : 2,11:30,/Matches/1651757/Live/Italy-Serie-A-2022-2023-Salernitana-AC-Milan,1651757
152,Verona,Jan 4 2023,Torino,1 : 1,13:30,/Matches/1651760/Live/Italy-Serie-A-2022-2023-Torino-Verona,1651760
153,Monza,Jan 4 2023,Fiorentina,1 : 1,17:30,/Matches/1651753/Live/Italy-Serie-A-2022-2023-Fiorentina-Monza,1651753
154,Lazio,Jan 4 2023,Lecce,2 : 1,15:30,/Matches/1651755/Live/Italy-Serie-A-2022-2023-Lecce-Lazio,1651755
155,Atalanta,Jan 4 2023,Spezia,2 : 2,13:30,/Matches/1651759/Live/Italy-Serie-A-2022-2023-Spezia-Atalanta,1651759
156,Bologna,Jan 4 2023,Roma,1 : 0,15:30,/Matches/1651756/Live/Italy-Serie-A-2022-2023-Roma-Bologna,1651756
157,Sampdoria,Jan 4 2023,Sassuolo,1 : 2,11:30,/Matches/1651758/Live/Italy-Serie-A-2022-2023-Sassuolo-Sampdoria,1651758
158,Napoli,Jan 4 2023,Inter,1 : 0,19:45,/Matches/1651754/Live/Italy-Serie-A-2022-2023-Inter-Napoli,1651754
159,Juventus,Jan 4 2023,Cremonese,0 : 1,17:30,/Matches/1651752/Live/Italy-Serie-A-2022-2023-Cremonese-Juventus,1651752
160,Sassuolo,Jan 7 2023,Fiorentina,2 : 1,14:00,/Matches/1651563/Live/Italy-Serie-A-2022-2023-Fiorentina-Sassuolo,1651563
161,Udinese,Jan 7 2023,Juventus,1 : 0,17:00,/Matches/1651565/Live/Italy-Serie-A-2022-2023-Juventus-Udinese,1651565
162,Inter,Jan 7 2023,Monza,2 : 2,19:45,/Matches/1651568/Live/Italy-Serie-A-2022-2023-Monza-Inter,1651568
163,Napoli,Jan 8 2023,Sampdoria,0 : 2,17:00,/Matches/1651570/Live/Italy-Serie-A-2022-2023-Sampdoria-Napoli,1651570
164,Torino,Jan 8 2023,Salernitana,1 : 1,11:30,/Matches/1651569/Live/Italy-Serie-A-2022-2023-Salernitana-Torino,1651569
165,Lecce,Jan 8 2023,Spezia,0 : 0,14:00,/Matches/1651571/Live/Italy-Serie-A-2022-2023-Spezia-Lecce,1651571
166,Roma,Jan 8 2023,AC Milan,2 : 2,19:45,/Matches/1651567/Live/Italy-Serie-A-2022-2023-AC-Milan-Roma,1651567
167,Empoli,Jan 8 2023,Lazio,2 : 2,14:00,/Matches/1651566/Live/Italy-Serie-A-2022-2023-Lazio-Empoli,1651566
168,Cremonese,Jan 9 2023,Verona,2 : 0,17:30,/Matches/1651564/Live/Italy-Serie-A-2022-2023-Verona-Cremonese,1651564
169,Atalanta,Jan 9 2023,Bologna,1 : 2,19:45,/Matches/1651562/Live/Italy-Serie-A-2022-2023-Bologna-Atalanta,1651562
170,Juventus,Jan 13 2023,Napoli,5 : 1,19:45,/Matches/1651577/Live/Italy-Serie-A-2022-2023-Napoli-Juventus,1651577
171,Verona,Jan 14 2023,Inter,1 : 0,19:45,/Matches/1651575/Live/Italy-Serie-A-2022-2023-Inter-Verona,1651575
172,AC Milan,Jan 14 2023,Lecce,2 : 2,17:00,/Matches/1651576/Live/Italy-Serie-A-2022-2023-Lecce-AC-Milan,1651576
173,Monza,Jan 14 2023,Cremonese,2 : 3,14:00,/Matches/1651573/Live/Italy-Serie-A-2022-2023-Cremonese-Monza,1651573
174,Salernitana,Jan 15 2023,Atalanta,8 : 2,17:00,/Matches/1651572/Live/Italy-Serie-A-2022-2023-Atalanta-Salernitana,1651572
175,Bologna,Jan 15 2023,Udinese,1 : 2,14:00,/Matches/1651581/Live/Italy-Serie-A-2022-2023-Udinese-Bologna,1651581
176,Spezia,Jan 15 2023,Torino,0 : 1,14:00,/Matches/1651580/Live/Italy-Serie-A-2022-2023-Torino-Spezia,1651580
177,Fiorentina,Jan 15 2023,Roma,2 : 0,19:45,/Matches/1651578/Live/Italy-Serie-A-2022-2023-Roma-Fiorentina,1651578
178,Lazio,Jan 15 2023,Sassuolo,0 : 2,11:30,/Matches/1651579/Live/Italy-Serie-A-2022-2023-Sassuolo-Lazio,1651579
179,Sampdoria,Jan 16 2023,Empoli,1 : 0,19:45,/Matches/1651574/Live/Italy-Serie-A-2022-2023-Empoli-Sampdoria,1651574
180,Napoli,Jan 21 2023,Salernitana,0 : 2,17:00,/Matches/1651589/Live/Italy-Serie-A-2022-2023-Salernitana-Napoli,1651589
181,Torino,Jan 21 2023,Fiorentina,0 : 1,19:45,/Matches/1651583/Live/Italy-Serie-A-2022-2023-Fiorentina-Torino,1651583
182,Lecce,Jan 21 2023,Verona,2 : 0,14:00,/Matches/1651584/Live/Italy-Serie-A-2022-2023-Verona-Lecce,1651584
183,Roma,Jan 22 2023,Spezia,0 : 2,17:00,/Matches/1651591/Live/Italy-Serie-A-2022-2023-Spezia-Roma,1651591
184,Sassuolo,Jan 22 2023,Monza,1 : 1,14:00,/Matches/1651588/Live/Italy-Serie-A-2022-2023-Monza-Sassuolo,1651588
185,Atalanta,Jan 22 2023,Juventus,3 : 3,19:45,/Matches/1651586/Live/Italy-Serie-A-2022-2023-Juventus-Atalanta,1651586
186,Udinese,Jan 22 2023,Sampdoria,0 : 1,11:30,/Matches/1651590/Live/Italy-Serie-A-2022-2023-Sampdoria-Udinese,1651590
187,Empoli,Jan 23 2023,Inter,0 : 1,19:45,/Matches/1651585/Live/Italy-Serie-A-2022-2023-Inter-Empoli,1651585
188,Cremonese,Jan 23 2023,Bologna,1 : 1,17:30,/Matches/1651582/Live/Italy-Serie-A-2022-2023-Bologna-Cremonese,1651582
189,AC Milan,Jan 24 2023,Lazio,4 : 0,19:45,/Matches/1651587/Live/Italy-Serie-A-2022-2023-Lazio-AC-Milan,1651587
190,Salernitana,Jan 27 2023,Lecce,1 : 2,19:45,/Matches/1651598/Live/Italy-Serie-A-2022-2023-Lecce-Salernitana,1651598
191,Spezia,Jan 27 2023,Bologna,2 : 0,17:30,/Matches/1651593/Live/Italy-Serie-A-2022-2023-Bologna-Spezia,1651593
192,Sampdoria,Jan 28 2023,Atalanta,2 : 0,19:45,/Matches/1651592/Live/Italy-Serie-A-2022-2023-Atalanta-Sampdoria,1651592
193,Torino,Jan 28 2023,Empoli,2 : 2,14:00,/Matches/1651595/Live/Italy-Serie-A-2022-2023-Empoli-Torino,1651595
194,Inter,Jan 28 2023,Cremonese,1 : 2,17:00,/Matches/1651594/Live/Italy-Serie-A-2022-2023-Cremonese-Inter,1651594
195,Sassuolo,Jan 29 2023,AC Milan,2 : 5,11:30,/Matches/1651599/Live/Italy-Serie-A-2022-2023-AC-Milan-Sassuolo,1651599
196,Roma,Jan 29 2023,Napoli,2 : 1,19:45,/Matches/1651600/Live/Italy-Serie-A-2022-2023-Napoli-Roma,1651600
197,Fiorentina,Jan 29 2023,Lazio,1 : 1,17:00,/Matches/1651597/Live/Italy-Serie-A-2022-2023-Lazio-Fiorentina,1651597
198,Monza,Jan 29 2023,Juventus,0 : 2,14:00,/Matches/1651596/Live/Italy-Serie-A-2022-2023-Juventus-Monza,1651596
199,Verona,Jan 30 2023,Udinese,1 : 1,19:45,/Matches/1651601/Live/Italy-Serie-A-2022-2023-Udinese-Verona,1651601
200,Lecce,Feb 4 2023,Cremonese,0 : 2,14:00,/Matches/1651802/Live/Italy-Serie-A-2022-2023-Cremonese-Lecce,1651802
201,Atalanta,Feb 4 2023,Sassuolo,1 : 0,19:45,/Matches/1651809/Live/Italy-Serie-A-2022-2023-Sassuolo-Atalanta,1651809
202,Empoli,Feb 4 2023,Roma,2 : 0,17:00,/Matches/1651807/Live/Italy-Serie-A-2022-2023-Roma-Empoli,1651807
203,Bologna,Feb 5 2023,Fiorentina,1 : 2,17:00,/Matches/1651803/Live/Italy-Serie-A-2022-2023-Fiorentina-Bologna,1651803
204,AC Milan,Feb 5 2023,Inter,1 : 0,19:45,/Matches/1651805/Live/Italy-Serie-A-2022-2023-Inter-AC-Milan,1651805
205,Napoli,Feb 5 2023,Spezia,0 : 3,11:30,/Matches/1651810/Live/Italy-Serie-A-2022-2023-Spezia-Napoli,1651810
206,Udinese,Feb 5 2023,Torino,1 : 0,14:00,/Matches/1651811/Live/Italy-Serie-A-2022-2023-Torino-Udinese,1651811
207,Lazio,Feb 6 2023,Verona,1 : 1,17:30,/Matches/1651804/Live/Italy-Serie-A-2022-2023-Verona-Lazio,1651804
208,Sampdoria,Feb 6 2023,Monza,2 : 2,19:45,/Matches/1651806/Live/Italy-Serie-A-2022-2023-Monza-Sampdoria,1651806
209,Juventus,Feb 7 2023,Salernitana,0 : 3,19:45,/Matches/1651808/Live/Italy-Serie-A-2022-2023-Salernitana-Juventus,1651808
210,Torino,Feb 10 2023,AC Milan,1 : 0,19:45,/Matches/1651614/Live/Italy-Serie-A-2022-2023-AC-Milan-Torino,1651614
211,Roma,Feb 11 2023,Lecce,1 : 1,17:00,/Matches/1651612/Live/Italy-Serie-A-2022-2023-Lecce-Roma,1651612
212,Spezia,Feb 11 2023,Empoli,2 : 2,14:00,/Matches/1651603/Live/Italy-Serie-A-2022-2023-Empoli-Spezia,1651603
213,Atalanta,Feb 11 2023,Lazio,0 : 2,19:45,/Matches/1651610/Live/Italy-Serie-A-2022-2023-Lazio-Atalanta,1651610
214,Sassuolo,Feb 12 2023,Udinese,2 : 2,11:30,/Matches/1651620/Live/Italy-Serie-A-2022-2023-Udinese-Sassuolo,1651620
215,Cremonese,Feb 12 2023,Napoli,3 : 0,19:45,/Matches/1651616/Live/Italy-Serie-A-2022-2023-Napoli-Cremonese,1651616
216,Monza,Feb 12 2023,Bologna,0 : 1,14:00,/Matches/1651602/Live/Italy-Serie-A-2022-2023-Bologna-Monza,1651602
217,Fiorentina,Feb 12 2023,Juventus,1 : 0,17:00,/Matches/1651605/Live/Italy-Serie-A-2022-2023-Juventus-Fiorentina,1651605
218,Salernitana,Feb 13 2023,Verona,1 : 0,17:30,/Matches/1651604/Live/Italy-Serie-A-2022-2023-Verona-Salernitana,1651604
219,Inter,Feb 13 2023,Sampdoria,0 : 0,19:45,/Matches/1651618/Live/Italy-Serie-A-2022-2023-Sampdoria-Inter,1651618
220,Napoli,Feb 17 2023,Sassuolo,0 : 2,19:45,/Matches/1651636/Live/Italy-Serie-A-2022-2023-Sassuolo-Napoli,1651636
221,AC Milan,Feb 18 2023,Monza,0 : 1,17:00,/Matches/1651628/Live/Italy-Serie-A-2022-2023-Monza-AC-Milan,1651628
222,Udinese,Feb 18 2023,Inter,3 : 1,19:45,/Matches/1651626/Live/Italy-Serie-A-2022-2023-Inter-Udinese,1651626
223,Bologna,Feb 18 2023,Sampdoria,1 : 2,14:00,/Matches/1651634/Live/Italy-Serie-A-2022-2023-Sampdoria-Bologna,1651634
224,Juventus,Feb 19 2023,Spezia,0 : 2,17:00,/Matches/1651638/Live/Italy-Serie-A-2022-2023-Spezia-Juventus,1651638
225,Verona,Feb 19 2023,Roma,1 : 0,19:45,/Matches/1651630/Live/Italy-Serie-A-2022-2023-Roma-Verona,1651630
226,Lecce,Feb 19 2023,Atalanta,1 : 2,11:30,/Matches/1651622/Live/Italy-Serie-A-2022-2023-Atalanta-Lecce,1651622
227,Lazio,Feb 19 2023,Salernitana,0 : 2,14:00,/Matches/1651632/Live/Italy-Serie-A-2022-2023-Salernitana-Lazio,1651632
228,Empoli,Feb 19 2023,Fiorentina,1 : 1,14:00,/Matches/1651624/Live/Italy-Serie-A-2022-2023-Fiorentina-Empoli,1651624
229,Cremonese,Feb 20 2023,Torino,2 : 2,19:45,/Matches/1651640/Live/Italy-Serie-A-2022-2023-Torino-Cremonese,1651640
230,Napoli,Feb 25 2023,Empoli,0 : 2,17:00,/Matches/1651607/Live/Italy-Serie-A-2022-2023-Empoli-Napoli,1651607
231,Sassuolo,Feb 25 2023,Lecce,0 : 1,19:45,/Matches/1651613/Live/Italy-Serie-A-2022-2023-Lecce-Sassuolo,1651613
232,Monza,Feb 26 2023,Salernitana,3 : 0,14:00,/Matches/1651617/Live/Italy-Serie-A-2022-2023-Salernitana-Monza,1651617
233,Atalanta,Feb 26 2023,AC Milan,2 : 0,19:45,/Matches/1651615/Live/Italy-Serie-A-2022-2023-AC-Milan-Atalanta,1651615
234,Inter,Feb 26 2023,Bologna,1 : 0,11:30,/Matches/1651642/Live/Italy-Serie-A-2022-2023-Bologna-Inter,1651642
235,Spezia,Feb 26 2023,Udinese,2 : 2,17:00,/Matches/1651619/Live/Italy-Serie-A-2022-2023-Udinese-Spezia,1651619
236,Fiorentina,Feb 27 2023,Verona,0 : 3,17:30,/Matches/1651608/Live/Italy-Serie-A-2022-2023-Verona-Fiorentina,1651608
237,Sampdoria,Feb 27 2023,Lazio,1 : 0,19:45,/Matches/1651611/Live/Italy-Serie-A-2022-2023-Lazio-Sampdoria,1651611
238,Roma,Feb 28 2023,Cremonese,2 : 1,17:30,/Matches/1651606/Live/Italy-Serie-A-2022-2023-Cremonese-Roma,1651606
239,Torino,Feb 28 2023,Juventus,4 : 2,19:45,/Matches/1651609/Live/Italy-Serie-A-2022-2023-Juventus-Torino,1651609
240,Lazio,Mar 3 2023,Napoli,0 : 1,19:45,/Matches/1651629/Live/Italy-Serie-A-2022-2023-Napoli-Lazio,1651629
241,Empoli,Mar 4 2023,Monza,2 : 1,14:00,/Matches/1651627/Live/Italy-Serie-A-2022-2023-Monza-Empoli,1651627
242,Udinese,Mar 4 2023,Atalanta,0 : 0,17:00,/Matches/1651621/Live/Italy-Serie-A-2022-2023-Atalanta-Udinese,1651621
243,AC Milan,Mar 4 2023,Fiorentina,2 : 1,19:45,/Matches/1651623/Live/Italy-Serie-A-2022-2023-Fiorentina-AC-Milan,1651623
244,Salernitana,Mar 5 2023,Sampdoria,0 : 0,14:00,/Matches/1651633/Live/Italy-Serie-A-2022-2023-Sampdoria-Salernitana,1651633
245,Verona,Mar 5 2023,Spezia,0 : 0,11:30,/Matches/1651637/Live/Italy-Serie-A-2022-2023-Spezia-Verona,1651637
246,Lecce,Mar 5 2023,Inter,2 : 0,17:00,/Matches/1651625/Live/Italy-Serie-A-2022-2023-Inter-Lecce,1651625
247,Juventus,Mar 5 2023,Roma,1 : 0,19:45,/Matches/1651631/Live/Italy-Serie-A-2022-2023-Roma-Juventus,1651631
248,Cremonese,Mar 6 2023,Sassuolo,3 : 2,17:30,/Matches/1651635/Live/Italy-Serie-A-2022-2023-Sassuolo-Cremonese,1651635
249,Bologna,Mar 6 2023,Torino,1 : 0,19:45,/Matches/1651639/Live/Italy-Serie-A-2022-2023-Torino-Bologna,1651639
250,Inter,Mar 10 2023,Spezia,2 : 1,19:45,/Matches/1651651/Live/Italy-Serie-A-2022-2023-Spezia-Inter,1651651
251,Udinese,Mar 11 2023,Empoli,0 : 1,14:00,/Matches/1651644/Live/Italy-Serie-A-2022-2023-Empoli-Udinese,1651644
252,Lazio,Mar 11 2023,Bologna,0 : 0,19:45,/Matches/1651641/Live/Italy-Serie-A-2022-2023-Bologna-Lazio,1651641
253,Atalanta,Mar 11 2023,Napoli,2 : 0,17:00,/Matches/1651649/Live/Italy-Serie-A-2022-2023-Napoli-Atalanta,1651649
254,Monza,Mar 12 2023,Verona,1 : 1,14:00,/Matches/1651645/Live/Italy-Serie-A-2022-2023-Verona-Monza,1651645
255,Sampdoria,Mar 12 2023,Juventus,4 : 2,19:45,/Matches/1651646/Live/Italy-Serie-A-2022-2023-Juventus-Sampdoria,1651646
256,Torino,Mar 12 2023,Lecce,0 : 2,11:30,/Matches/1651647/Live/Italy-Serie-A-2022-2023-Lecce-Torino,1651647
257,Fiorentina,Mar 12 2023,Cremonese,0 : 2,14:00,/Matches/1651643/Live/Italy-Serie-A-2022-2023-Cremonese-Fiorentina,1651643
258,Sassuolo,Mar 12 2023,Roma,3 : 4,17:00,/Matches/1651650/Live/Italy-Serie-A-2022-2023-Roma-Sassuolo,1651650
259,Salernitana,Mar 13 2023,AC Milan,1 : 1,19:45,/Matches/1651648/Live/Italy-Serie-A-2022-2023-AC-Milan-Salernitana,1651648
260,Spezia,Mar 17 2023,Sassuolo,1 : 0,17:30,/Matches/1651665/Live/Italy-Serie-A-2022-2023-Sassuolo-Spezia,1651665
261,Empoli,Mar 17 2023,Atalanta,2 : 1,19:45,/Matches/1651652/Live/Italy-Serie-A-2022-2023-Atalanta-Empoli,1651652
262,Cremonese,Mar 18 2023,Monza,1 : 1,14:00,/Matches/1651659/Live/Italy-Serie-A-2022-2023-Monza-Cremonese,1651659
263,AC Milan,Mar 18 2023,Udinese,3 : 1,19:45,/Matches/1651669/Live/Italy-Serie-A-2022-2023-Udinese-AC-Milan,1651669
264,Bologna,Mar 18 2023,Salernitana,2 : 2,17:00,/Matches/1651661/Live/Italy-Serie-A-2022-2023-Salernitana-Bologna,1651661
265,Lecce,Mar 19 2023,Fiorentina,1 : 0,14:00,/Matches/1651653/Live/Italy-Serie-A-2022-2023-Fiorentina-Lecce,1651653
266,Roma,Mar 19 2023,Lazio,1 : 0,17:00,/Matches/1651657/Live/Italy-Serie-A-2022-2023-Lazio-Roma,1651657
267,Napoli,Mar 19 2023,Torino,0 : 4,14:00,/Matches/1651667/Live/Italy-Serie-A-2022-2023-Torino-Napoli,1651667
268,Verona,Mar 19 2023,Sampdoria,3 : 1,11:30,/Matches/1651663/Live/Italy-Serie-A-2022-2023-Sampdoria-Verona,1651663
269,Juventus,Mar 19 2023,Inter,0 : 1,19:45,/Matches/1651655/Live/Italy-Serie-A-2022-2023-Inter-Juventus,1651655
270,Fiorentina,Apr 1 2023,Inter,0 : 1,17:00,/Matches/1651677/Live/Italy-Serie-A-2022-2023-Inter-Fiorentina,1651677
271,Atalanta,Apr 1 2023,Cremonese,1 : 3,14:00,/Matches/1651673/Live/Italy-Serie-A-2022-2023-Cremonese-Atalanta,1651673
272,Verona,Apr 1 2023,Juventus,1 : 0,19:45,/Matches/1651679/Live/Italy-Serie-A-2022-2023-Juventus-Verona,1651679
273,AC Milan,Apr 2 2023,Napoli,0 : 4,19:45,/Matches/1651683/Live/Italy-Serie-A-2022-2023-Napoli-AC-Milan,1651683
274,Salernitana,Apr 2 2023,Spezia,1 : 1,14:00,/Matches/1651689/Live/Italy-Serie-A-2022-2023-Spezia-Salernitana,1651689
275,Udinese,Apr 2 2023,Bologna,3 : 0,11:30,/Matches/1651671/Live/Italy-Serie-A-2022-2023-Bologna-Udinese,1651671
276,Lazio,Apr 2 2023,Monza,0 : 2,14:00,/Matches/1651681/Live/Italy-Serie-A-2022-2023-Monza-Lazio,1651681
277,Sampdoria,Apr 2 2023,Roma,3 : 0,17:00,/Matches/1651685/Live/Italy-Serie-A-2022-2023-Roma-Sampdoria,1651685
278,Lecce,Apr 3 2023,Empoli,1 : 0,18:30,/Matches/1651675/Live/Italy-Serie-A-2022-2023-Empoli-Lecce,1651675
279,Torino,Apr 3 2023,Sassuolo,1 : 1,19:45,/Matches/1651687/Live/Italy-Serie-A-2022-2023-Sassuolo-Torino,1651687
280,Napoli,Apr 7 2023,Lecce,1 : 2,18:00,/Matches/1651699/Live/Italy-Serie-A-2022-2023-Lecce-Napoli,1651699
281,Empoli,Apr 7 2023,AC Milan,0 : 0,20:00,/Matches/1651701/Live/Italy-Serie-A-2022-2023-AC-Milan-Empoli,1651701
282,Inter,Apr 7 2023,Salernitana,1 : 1,16:00,/Matches/1651703/Live/Italy-Serie-A-2022-2023-Salernitana-Inter,1651703
283,Spezia,Apr 8 2023,Fiorentina,1 : 1,13:30,/Matches/1651693/Live/Italy-Serie-A-2022-2023-Fiorentina-Spezia,1651693
284,Roma,Apr 8 2023,Torino,0 : 1,17:30,/Matches/1651707/Live/Italy-Serie-A-2022-2023-Torino-Roma,1651707
285,Monza,Apr 8 2023,Udinese,2 : 2,11:30,/Matches/1651709/Live/Italy-Serie-A-2022-2023-Udinese-Monza,1651709
286,Juventus,Apr 8 2023,Lazio,2 : 1,19:45,/Matches/1651697/Live/Italy-Serie-A-2022-2023-Lazio-Juventus,1651697
287,Cremonese,Apr 8 2023,Sampdoria,2 : 3,15:30,/Matches/1651705/Live/Italy-Serie-A-2022-2023-Sampdoria-Cremonese,1651705
288,Sassuolo,Apr 8 2023,Verona,2 : 1,17:30,/Matches/1651695/Live/Italy-Serie-A-2022-2023-Verona-Sassuolo,1651695
289,Bologna,Apr 8 2023,Atalanta,0 : 2,15:30,/Matches/1651691/Live/Italy-Serie-A-2022-2023-Atalanta-Bologna,1651691
290,Empoli,Apr 14 2023,Cremonese,1 : 0,17:30,/Matches/1651713/Live/Italy-Serie-A-2022-2023-Cremonese-Empoli,1651713
291,Lazio,Apr 14 2023,Spezia,0 : 3,19:45,/Matches/1651666/Live/Italy-Serie-A-2022-2023-Spezia-Lazio,1651666
292,AC Milan,Apr 15 2023,Bologna,1 : 1,14:00,/Matches/1651711/Live/Italy-Serie-A-2022-2023-Bologna-AC-Milan,1651711
293,Monza,Apr 15 2023,Inter,0 : 1,19:45,/Matches/1651656/Live/Italy-Serie-A-2022-2023-Inter-Monza,1651656
294,Verona,Apr 15 2023,Napoli,0 : 0,17:00,/Matches/1651660/Live/Italy-Serie-A-2022-2023-Napoli-Verona,1651660
295,Udinese,Apr 16 2023,Roma,3 : 0,19:45,/Matches/1651662/Live/Italy-Serie-A-2022-2023-Roma-Udinese,1651662
296,Sampdoria,Apr 16 2023,Lecce,1 : 1,11:30,/Matches/1651658/Live/Italy-Serie-A-2022-2023-Lecce-Sampdoria,1651658
297,Juventus,Apr 16 2023,Sassuolo,1 : 0,17:00,/Matches/1651664/Live/Italy-Serie-A-2022-2023-Sassuolo-Juventus,1651664
298,Salernitana,Apr 16 2023,Torino,1 : 1,14:00,/Matches/1651668/Live/Italy-Serie-A-2022-2023-Torino-Salernitana,1651668
299,Atalanta,Apr 17 2023,Fiorentina,1 : 1,19:45,/Matches/1651654/Live/Italy-Serie-A-2022-2023-Fiorentina-Atalanta,1651654
300,Bologna,Apr 21 2023,Verona,2 : 1,19:45,/Matches/1651674/Live/Italy-Serie-A-2022-2023-Verona-Bologna,1651674
301,Torino,Apr 22 2023,Lazio,0 : 1,17:00,/Matches/1651678/Live/Italy-Serie-A-2022-2023-Lazio-Torino,1651678
302,Spezia,Apr 22 2023,Sampdoria,1 : 1,19:45,/Matches/1651686/Live/Italy-Serie-A-2022-2023-Sampdoria-Spezia,1651686
303,Sassuolo,Apr 22 2023,Salernitana,3 : 0,14:00,/Matches/1651684/Live/Italy-Serie-A-2022-2023-Salernitana-Sassuolo,1651684
304,Cremonese,Apr 23 2023,Udinese,3 : 0,14:00,/Matches/1651688/Live/Italy-Serie-A-2022-2023-Udinese-Cremonese,1651688
305,Lecce,Apr 23 2023,AC Milan,2 : 0,17:00,/Matches/1651680/Live/Italy-Serie-A-2022-2023-AC-Milan-Lecce,1651680
306,Fiorentina,Apr 23 2023,Monza,3 : 2,14:00,/Matches/1651682/Live/Italy-Serie-A-2022-2023-Monza-Fiorentina,1651682
307,Napoli,Apr 23 2023,Juventus,0 : 1,19:45,/Matches/1651676/Live/Italy-Serie-A-2022-2023-Juventus-Napoli,1651676
308,Inter,Apr 23 2023,Empoli,0 : 3,11:30,/Matches/1651672/Live/Italy-Serie-A-2022-2023-Empoli-Inter,1651672
309,Roma,Apr 24 2023,Atalanta,3 : 1,19:45,/Matches/1651670/Live/Italy-Serie-A-2022-2023-Atalanta-Roma,1651670
310,Monza,Apr 28 2023,Spezia,0 : 2,19:45,/Matches/1651770/Live/Italy-Serie-A-2022-2023-Spezia-Monza,1651770
311,Udinese,Apr 28 2023,Lecce,1 : 0,17:30,/Matches/1651766/Live/Italy-Serie-A-2022-2023-Lecce-Udinese,1651766
312,Atalanta,Apr 29 2023,Torino,1 : 2,19:45,/Matches/1651771/Live/Italy-Serie-A-2022-2023-Torino-Atalanta,1651771
313,AC Milan,Apr 29 2023,Roma,1 : 1,17:00,/Matches/1651768/Live/Italy-Serie-A-2022-2023-Roma-AC-Milan,1651768
314,Juventus,Apr 30 2023,Bologna,1 : 1,19:45,/Matches/1651762/Live/Italy-Serie-A-2022-2023-Bologna-Juventus,1651762
315,Sampdoria,Apr 30 2023,Fiorentina,5 : 0,17:00,/Matches/1651764/Live/Italy-Serie-A-2022-2023-Fiorentina-Sampdoria,1651764
316,Salernitana,Apr 30 2023,Napoli,1 : 1,14:00,/Matches/1651767/Live/Italy-Serie-A-2022-2023-Napoli-Salernitana,1651767
317,Verona,Apr 30 2023,Cremonese,1 : 1,14:00,/Matches/1651763/Live/Italy-Serie-A-2022-2023-Cremonese-Verona,1651763
318,Empoli,Apr 30 2023,Sassuolo,2 : 1,14:00,/Matches/1651769/Live/Italy-Serie-A-2022-2023-Sassuolo-Empoli,1651769
319,Lazio,Apr 30 2023,Inter,3 : 1,11:30,/Matches/1651765/Live/Italy-Serie-A-2022-2023-Inter-Lazio,1651765
320,Sassuolo,May 3 2023,Lazio,2 : 0,20:00,/Matches/1651776/Live/Italy-Serie-A-2022-2023-Lazio-Sassuolo,1651776
321,Fiorentina,May 3 2023,Salernitana,3 : 3,17:00,/Matches/1651779/Live/Italy-Serie-A-2022-2023-Salernitana-Fiorentina,1651779
322,Roma,May 3 2023,Monza,1 : 1,20:00,/Matches/1651778/Live/Italy-Serie-A-2022-2023-Monza-Roma,1651778
323,Spezia,May 3 2023,Atalanta,3 : 2,17:00,/Matches/1651772/Live/Italy-Serie-A-2022-2023-Atalanta-Spezia,1651772
324,Inter,May 3 2023,Verona,0 : 6,20:00,/Matches/1651774/Live/Italy-Serie-A-2022-2023-Verona-Inter,1651774
325,Torino,May 3 2023,Sampdoria,0 : 2,17:00,/Matches/1651780/Live/Italy-Serie-A-2022-2023-Sampdoria-Torino,1651780
326,Lecce,May 3 2023,Juventus,2 : 1,17:00,/Matches/1651775/Live/Italy-Serie-A-2022-2023-Juventus-Lecce,1651775
327,Cremonese,May 3 2023,AC Milan,1 : 1,20:00,/Matches/1651777/Live/Italy-Serie-A-2022-2023-AC-Milan-Cremonese,1651777
328,Napoli,May 4 2023,Udinese,1 : 1,19:45,/Matches/1651781/Live/Italy-Serie-A-2022-2023-Udinese-Napoli,1651781
329,Bologna,May 4 2023,Empoli,3 : 1,19:45,/Matches/1651773/Live/Italy-Serie-A-2022-2023-Empoli-Bologna,1651773
330,Lazio,May 6 2023,AC Milan,2 : 0,14:00,/Matches/1651698/Live/Italy-Serie-A-2022-2023-AC-Milan-Lazio,1651698
331,Spezia,May 6 2023,Cremonese,2 : 0,19:45,/Matches/1651692/Live/Italy-Serie-A-2022-2023-Cremonese-Spezia,1651692
332,Inter,May 6 2023,Roma,0 : 2,17:00,/Matches/1651702/Live/Italy-Serie-A-2022-2023-Roma-Inter,1651702
333,Monza,May 7 2023,Torino,1 : 1,14:00,/Matches/1651706/Live/Italy-Serie-A-2022-2023-Torino-Monza,1651706
334,Juventus,May 7 2023,Atalanta,0 : 2,11:30,/Matches/1651690/Live/Italy-Serie-A-2022-2023-Atalanta-Juventus,1651690
335,Fiorentina,May 7 2023,Napoli,1 : 0,17:00,/Matches/1651700/Live/Italy-Serie-A-2022-2023-Napoli-Fiorentina,1651700
336,Verona,May 7 2023,Lecce,0 : 1,19:45,/Matches/1651696/Live/Italy-Serie-A-2022-2023-Lecce-Verona,1651696
337,Sampdoria,May 8 2023,Udinese,2 : 0,17:30,/Matches/1651708/Live/Italy-Serie-A-2022-2023-Udinese-Sampdoria,1651708
338,Bologna,May 8 2023,Sassuolo,1 : 1,19:45,/Matches/1651704/Live/Italy-Serie-A-2022-2023-Sassuolo-Bologna,1651704
339,Salernitana,May 8 2023,Empoli,2 : 1,17:30,/Matches/1651694/Live/Italy-Serie-A-2022-2023-Empoli-Salernitana,1651694
